dataset name,old compartment,new compartment
"heavy fuel oil, burned in container ship",non-urban air or from high stacks,
"biodiesel, from non-residual oily biomass, burned in container ship",non-urban air or from high stacks,
"biodiesel, from non-residual cellulosic biomass, burned in container ship",non-urban air or from high stacks,
farming and supply of rapeseed,non-urban air or from high stacks,
"heat production, hardwood chips from forest, at furnace 50kW",urban air close to ground,
"biodiesel, from residual cellulosic biomass, burned in container ship",non-urban air or from high stacks,
"platinum group metal mine operation, ore with high palladium content",non-urban air or from high stacks,
"heat production, at hard coal industrial furnace 1-10MW",urban air close to ground,non-urban air or from high stacks
"petrol production, unleaded, petroleum refinery operation",unspecified,non-urban air or from high stacks
"heat production, softwood chips from forest, at furnace 1000kW",urban air close to ground,non-urban air or from high stacks
"transport, freight, sea, container ship",non-urban air or from high stacks,
"smelting of copper concentrate, sulfide ore",non-urban air or from high stacks,
blasting,unspecified,non-urban air or from high stacks
"transport, freight, sea, tanker for petroleum",non-urban air or from high stacks,
"light fuel oil production, petroleum refinery operation",unspecified,non-urban air or from high stacks
"heat production, light fuel oil, at industrial furnace 1MW",urban air close to ground,non-urban air or from high stacks
"diesel, burned in agricultural machinery",non-urban air or from high stacks,
"biomethane production, from biogas upgrading, using amine scrubbing",unspecified,non-urban air or from high stacks
"diesel production, low-sulfur, petroleum refinery operation",unspecified,non-urban air or from high stacks
"natural gas, burned in gas turbine",urban air close to ground,unspecified
farming and supply of sugarbeet,non-urban air or from high stacks,
"lithium iron phosphate production, solid state process",unspecified,non-urban air or from high stacks
"petroleum and gas production, onshore",non-urban air or from high stacks,
"diesel, burned in building machine",unspecified,
"diesel, synthetic, burned in diesel-electric generating set, 10MW",non-urban air or from high stacks,
molybdenite mine operation,non-urban air or from high stacks,
"heat production, light fuel oil, at boiler 10kW condensing, non-modulating",urban air close to ground,
"ferrochromium production, high-carbon, 68% Cr",non-urban air or from high stacks,
"synthetic graphite production, battery grade",unspecified,non-urban air or from high stacks
"aluminium production, primary, liquid, prebake",unspecified,non-urban air or from high stacks
"hard carbon, from pitch, for SIB battery",unspecified,non-urban air or from high stacks
"diesel, synthetic, burned in container ship",non-urban air or from high stacks,
"diesel, burned in diesel-electric generating set, 10MW, for oil and gas extraction",non-urban air or from high stacks,
"treatment of waste polyvinylchloride, open burning",non-urban air or from high stacks,
sulfuric acid production,urban air close to ground,non-urban air or from high stacks
"petroleum and gas production, offshore",non-urban air or from high stacks,
"petrol, burned in passenger car",urban air close to ground,
"sulfur production, petroleum refinery operation",unspecified,non-urban air or from high stacks
"copper mine operation and beneficiation, sulfide ore",non-urban air or from high stacks,
"heat production, softwood chips from forest, at furnace 1000kW, state-of-the-art 2014",urban air close to ground,non-urban air or from high stacks
cobalt production,unspecified,non-urban air or from high stacks
"transport, freight, sea, bulk carrier for dry goods",non-urban air or from high stacks,
"kerosene production, petroleum refinery operation",unspecified,non-urban air or from high stacks
"nylon 6-6 production, glass-filled",urban air close to ground,non-urban air or from high stacks
hard coal mine operation and hard coal preparation,non-urban air or from high stacks,
"electricity production, hard coal, at coal mine power plant",urban air close to ground,non-urban air or from high stacks
"heavy fuel oil, burned in refinery furnace",urban air close to ground,non-urban air or from high stacks
"heat production, hard coal briquette, stove 5-15kW",urban air close to ground,
"nitric acid production, product in 50% solution state",urban air close to ground,non-urban air or from high stacks
"flat glass production, uncoated",unspecified,non-urban air or from high stacks
"heat and power co-generation, wood chips, 6667 kW, state-of-the-art 2014",urban air close to ground,non-urban air or from high stacks
"treatment of waste gypsum, sanitary landfill",non-urban air or from high stacks,
"treatment of waste natural gas, sweet, burned in production flare",non-urban air or from high stacks,
"heat production, from hydrogen-fired one gigawatt gas turbine",non-urban air or from high stacks,
"heat and power co-generation, hard coal",non-urban air or from high stacks,
ferronickel production,non-urban air or from high stacks,
primary lead production from concentrate,non-urban air or from high stacks,
"heat production, natural gas, at boiler condensing modulating <100kW",urban air close to ground,
"heavy fuel oil production, petroleum refinery operation",unspecified,non-urban air or from high stacks
"platinum group metal, mine and concentration operations",non-urban air or from high stacks,
iron sinter production,unspecified,non-urban air or from high stacks
bipyridylium-compound production,urban air close to ground,non-urban air or from high stacks
"heat and power co-generation, wood chips, 6667 kW",urban air close to ground,non-urban air or from high stacks
ferrosilicon production,unspecified,non-urban air or from high stacks
"diesel, burned in diesel-electric generating set, 10MW",non-urban air or from high stacks,
"iron ore mine operation, 46% Fe",non-urban air or from high stacks,
aluminium hydroxide production,unspecified,non-urban air or from high stacks
coke production,non-urban air or from high stacks,
plywood production,unspecified,
rape seed production,non-urban air or from high stacks,
"electricity production, natural gas, subcritical, steam cycle",non-urban air or from high stacks,
"ferromanganese production, high-coal, 74.5% Mn",non-urban air or from high stacks,
"heat production, mixed logs, at wood heater 6kW",urban air close to ground,
tin mine operation,non-urban air or from high stacks,
"diesel production, petroleum refinery operation",unspecified,non-urban air or from high stacks
three and five layered board production,unspecified,
"treatment of waste plastic, mixture, open burning",non-urban air or from high stacks,
"sulfur dioxide production, liquid",urban air close to ground,non-urban air or from high stacks
"diesel, burned in passenger train",unspecified,
"treatment of scrap lead acid battery, remelting",urban air close to ground,non-urban air or from high stacks
"biodiesel, from non-residual oily biomass, burned in passenger train",unspecified,
methylchloride production,urban air close to ground,non-urban air or from high stacks
"electricity production, from hydrogen-fired one gigawatt gas turbine, for grid balancing",non-urban air or from high stacks,
"biodiesel, from non-residual oily biomass, burned in heavy-duty vehicle",urban air close to ground,
"anode production, prebake, for aluminium electrolysis",unspecified,
"biodiesel, from residual oily biomass, burned in passenger train",unspecified,
"internal combustion engine, for lorry",unspecified,
"heat, residential, by combustion of light fuel oil, from cellulosic residual biomass, using boiler",urban air close to ground,
"heat and power co-generation, lignite",non-urban air or from high stacks,
"bioethanol, from sugar crops, burned in passenger car",urban air close to ground,
"transport, freight train, diesel",unspecified,
"board, softwood, raw, kiln drying to u=10%",urban air close to ground,unspecified
hard coal briquettes production,non-urban air or from high stacks,
"heat, residential, by combustion of light fuel oil, from oily biomass, using boiler",urban air close to ground,
phosphate rock beneficiation,non-urban air or from high stacks,
"heat production, natural gas, at industrial furnace >100kW",urban air close to ground,unspecified
"biodiesel, from residual cellulosic biomass, burned in passenger train",unspecified,
"magnesium production, pidgeon process",unspecified,non-urban air or from high stacks
"diesel, burned in single deck coach or urban bus",urban air close to ground,
treatment of copper cake,non-urban air or from high stacks,
"iron ore mine operation, 63% Fe",non-urban air or from high stacks,
structural timber production,unspecified,
treatment of copper scrap by electrolytic refining,non-urban air or from high stacks,
"hydropower plant construction, run-of-river",non-urban air or from high stacks,
"biodiesel, from non-residual oily biomass, burned in single deck coach or urban bus",urban air close to ground,
"heat and power co-generation, natural gas, conventional power plant, 100MW electrical",non-urban air or from high stacks,
NPK (15-15-15) fertiliser production,urban air close to ground,
"ammonia production, steam reforming, liquid",urban air close to ground,
"heat and power co-generation, natural gas, combined cycle power plant, 400MW electrical",non-urban air or from high stacks,
"heat and power co-generation, natural gas, 1MW electrical, lean burn",urban air close to ground,unspecified
"activated carbon production, granular from hard coal",urban air close to ground,unspecified
"soda production, solvay process",urban air close to ground,unspecified
"heat production, natural gas, at industrial furnace low-NOx >100kW",urban air close to ground,unspecified
"zinc coating, coils",unspecified,
"clay brick production, extruded",unspecified,
zucchini production,non-urban air or from high stacks,
"diesel, burned in heavy-duty vehicle",,urban air close to ground
"platinum group metal, extraction and refinery operations",,non-urban air or from high stacks
clinker production,,non-urban air or from high stacks
"steel production, electric, low-alloyed",,non-urban air or from high stacks
"compressed gas, burned in passenger car",urban air close to ground,
"carbon fiber production, exhaust gas treatment 2",unspecified,
selective catalytic reduction of nitrogen oxides,non-urban air or from high stacks,
"diesel, synthetic, burned in passenger train",unspecified,
"heat production, at coal coke industrial furnace 1-10MW",urban air close to ground,non-urban air or from high stacks
"acrylonitrile production, Sohio process",urban air close to ground,non-urban air or from high stacks
"heat production, heavy fuel oil, at industrial furnace 1MW",urban air close to ground,non-urban air or from high stacks
"treatment of waste reinforced concrete, collection for final disposal",urban air close to ground,non-urban air or from high stacks
"treatment of municipal solid waste, open burning",urban air close to ground,unspecified
"treatment of waste reinforced concrete, recycling",urban air close to ground,
"transport, freight, light commercial vehicle",unspecified,
carbon black production,urban air close to ground,
"petroleum coke production, petroleum refinery operation",unspecified,non-urban air or from high stacks
"naphtha production, petroleum refinery operation",unspecified,non-urban air or from high stacks
"pitch production, petroleum refinery operation",unspecified,non-urban air or from high stacks
"coke production, wet quenching",non-urban air or from high stacks,
pig iron production,unspecified,non-urban air or from high stacks
"treatment of used Li-ion battery, pyrometallurgical treatment",urban air close to ground,non-urban air or from high stacks
"compressed gas, synthetic, burned in passenger car",urban air close to ground,
"excavation, hydraulic digger",unspecified,
hard coal mine operation,non-urban air or from high stacks,
"treatment of waste reinforced concrete, sorting plant",urban air close to ground,non-urban air or from high stacks
glued solid timber production,unspecified,
magnesium oxide production,urban air close to ground,non-urban air or from high stacks
"transport, freight train, steam",unspecified,
"electricity production, hard coal",non-urban air or from high stacks,
"synthetic fuel production, from coal, high temperature Fisher-Tropsch operations",non-urban air or from high stacks,
"transport, freight, sea, container ship, powered with biodiesel",unspecified,non-urban air or from high stacks
"heat, residential, by combustion of light fuel oil, from cellulosic non-residual biomass, using boiler",urban air close to ground,
"aluminium production, primary, liquid, Söderberg",unspecified,non-urban air or from high stacks
urea production,urban air close to ground,non-urban air or from high stacks
"transport, freight, inland waterways, barge",non-urban air or from high stacks,
"treatment of road wear emissions, lorry",unspecified,
"quicklime production, in pieces, loose",non-urban air or from high stacks,
"biodiesel, from residual oily biomass, burned in single deck coach or urban bus",urban air close to ground,
"water pump operation, diesel",unspecified,
"steel production, electric, chromium steel 18/8",unspecified,non-urban air or from high stacks
ceramic tile production,unspecified,
municipal waste collection service by 21 metric ton lorry,urban air close to ground,
"unsaturated hydrocarbons production, steam cracking operation, average",unspecified,
monoammonium phosphate production,urban air close to ground,
"biodiesel, from non-residual cellulosic biomass, burned in passenger train",unspecified,
"glued laminated timber production, average glue mix",unspecified,
silicon carbide production,urban air close to ground,non-urban air or from high stacks
biogas purification to biomethane by amino washing,urban air close to ground,non-urban air or from high stacks
ammonium nitrate phosphate production,urban air close to ground,non-urban air or from high stacks
"tube insulation production, elastomere",urban air close to ground,non-urban air or from high stacks
"petrol, synthetic, burned in motorcycle",urban air close to ground,
"electricity production, lignite",non-urban air or from high stacks,
"electricity production, at biomass-fired IGCC power plant",unspecified,non-urban air or from high stacks
"biodiesel, from non-residual cellulosic biomass, burned in single deck coach or urban bus",urban air close to ground,
tetrachloroethylene production,urban air close to ground,non-urban air or from high stacks
"photovoltaic cell production, multi-Si wafer",urban air close to ground,non-urban air or from high stacks
"biodiesel, from non-residual cellulosic biomass, burned in heavy-duty vehicle",urban air close to ground,
"lithium carbonate production, from spodumene",urban air close to ground,non-urban air or from high stacks
"biodiesel, from residual cellulosic biomass, burned in heavy-duty vehicle",urban air close to ground,
ground granulated blast furnace slag production,unspecified,
"heat, residential, by combustion of biomethane using boiler, distributed by pipeline",urban air close to ground,
"treatment of brake wear emissions, lorry",unspecified,
"hot rolling, steel",unspecified,non-urban air or from high stacks
"heat production, biomethane, at boiler condensing modulating <100kW",urban air close to ground,
dichloromethane production,urban air close to ground,non-urban air or from high stacks
"photovoltaic cell, multi-Si, at plant",urban air close to ground,non-urban air or from high stacks
"beam, softwood, raw, kiln drying to u=10%",urban air close to ground,non-urban air or from high stacks
ammonium sulfate production,unspecified,non-urban air or from high stacks
cross-laminated timber production,unspecified,
ammonium nitrate production,urban air close to ground,non-urban air or from high stacks
"excavation, skid-steer loader",unspecified,
cast iron production,unspecified,non-urban air or from high stacks
"copper-cobalt mining, industrial, economic allocation",unspecified,non-urban air or from high stacks
stone wool production,non-urban air or from high stacks,
zinc mine operation,unspecified,non-urban air or from high stacks
"welding, gas, steel",unspecified,
"transport, freight train, electricity",unspecified,
"steel production, blast furnace-basic oxygen furnace, low-alloyed",unspecified,non-urban air or from high stacks
"pig iron production, hydrogen-based direct reduction iron",unspecified,non-urban air or from high stacks
silver mine operation with extraction,non-urban air or from high stacks,
"transport, freight, inland waterways, barge tanker",non-urban air or from high stacks,
"petroleum combustion, in drilling tests",non-urban air or from high stacks,
"reformate production, petroleum refinery operation",unspecified,non-urban air or from high stacks
"heat production, natural gas, at boiler modulating >100kW",urban air close to ground,
"heat production, light fuel oil, at boiler 100kW, non-modulating",urban air close to ground,
"process-specific burdens, hazardous waste incineration plant",urban air close to ground,
"steel production, blast furnace-basic oxygen furnace, unalloyed",unspecified,non-urban air or from high stacks
"smelting and refining of nickel concentrate, 16% Ni",non-urban air or from high stacks,
"treatment of spent activated carbon, granular from hard coal, reactivation",urban air close to ground,non-urban air or from high stacks
"lath, softwood, raw, kiln drying to u=10%",urban air close to ground,non-urban air or from high stacks
"treatment of waste brick, sorting plant",urban air close to ground,non-urban air or from high stacks
"kerosene, burned in aircraft",,
"kerosene, from cellulosic residual biomass, burned in aircraft",,
"zeolite production, powder",,non-urban air or from high stacks
iron pellet production,,non-urban air or from high stacks
"kerosene, from non-residual oily biomass, burned in aircraft",,
"silicon production, metallurgical grade",,non-urban air or from high stacks
primary zinc production from concentrate,,non-urban air or from high stacks
"kerosene, from cellulosic non-residual biomass, burned in aircraft",,
"kerosene, synthetic, burned in aircraft",,
"diesel, synthetic, burned in heavy duty vehicle",,urban air close to ground
"gold mine operation and gold production, unrefined",,non-urban air or from high stacks
